{"cameraMode":{"drawMode":0,"name":"Shaded","section":"Shading Mode"},"sceneLighting":true,"audioPlay":false,"sceneViewState":{"m_AlwaysRefresh":false,"showFog":false,"showSkybox":false,"showFlares":false,"showImageEffects":false,"showParticleSystems":false,"showVisualEffectGraphs":true,"m_FxEnabled":true},"in2DMode":false,"pivot":{"x":48.02819061279297,"y":17.411685943603517,"z":488.139892578125},"rotation":{"x":-0.010808478109538556,"y":-0.01290153805166483,"z":0.00013943627709522843,"w":-0.9998592734336853},"size":367.4077453613281,"orthographic":false}