{"cameraMode":{"drawMode":0,"name":"Shaded","section":"Shading Mode"},"sceneLighting":false,"audioPlay":false,"sceneViewState":{"m_AlwaysRefresh":false,"showFog":true,"showSkybox":false,"showFlares":true,"showImageEffects":true,"showParticleSystems":true,"showVisualEffectGraphs":true,"m_FxEnabled":true},"in2DMode":false,"pivot":{"x":0.04504203796386719,"y":0.6555347442626953,"z":-0.20592784881591798},"rotation":{"x":-0.03145889937877655,"y":0.14698801934719087,"z":-0.004676338750869036,"w":-0.9886321425437927},"size":3.6623167991638185,"orthographic":false}